len,ngram,pct
3,WSAAccept NtCreateSection Process32NextW,0.787952426571956
3,Process32NextW WSAAccept NtCreateSection,0.7351683529219338
2,InternetConnectA NtLoadKey,0.7150501203355375
2,NtLoadKey InternetConnectA,0.7061242610463351
3,NtCreateSection Process32NextW WSAAccept,0.7045353646283617
2,InternetConnectA RemoveDirectoryW,0.7033670584386756
2,RemoveDirectoryW InternetConnectA,0.7014043040400028
3,SetStdHandle LookupAccountSidW GetAdaptersAddresses,0.6727808023926911
3,OleInitialize RemoveDirectoryW InternetConnectA,0.6649297847979999
3,RemoveDirectoryW InternetConnectA NtLoadKey,0.5382853938360166
3,GetAdaptersAddresses SetStdHandle LookupAccountSidW,0.4855947846811692
3,NtLoadKey InternetConnectA SetStdHandle,0.4825805547117788
3,LookupAccountSidW GetAdaptersAddresses SetStdHandle,0.4569712830338575
4,RemoveDirectoryW InternetConnectA NtLoadKey InternetConnectA,0.4178797579269575
3,CryptHashData OleInitialize RemoveDirectoryW,0.4177862934317826
4,CryptHashData OleInitialize RemoveDirectoryW InternetConnectA,0.4168516484800336
4,InternetConnectA RemoveDirectoryW InternetConnectA NtLoadKey,0.3836016543215646
3,RemoveDirectoryW InternetConnectA GetComputerNameW,0.374932822394093
3,GetFileVersionInfoExW RemoveDirectoryW InternetConnectA,0.3736243194616445
3,NtLoadKey InternetConnectA CreateActCtxW,0.3617776946982265
3,RemoveDirectoryW InternetConnectA SetStdHandle,0.3592775194522981
2,OleInitialize NtQueryKey,0.3504918569058579
3,NtLoadKey InternetConnectA RemoveDirectoryW,0.347944949412342
5,RemoveDirectoryW InternetConnectA RemoveDirectoryW InternetConnectA NtLoadKey,0.3339720073836951
4,OleInitialize RemoveDirectoryW InternetConnectA RemoveDirectoryW,0.3252330770848424
6,InternetConnectA RemoveDirectoryW InternetConnectA RemoveDirectoryW InternetConnectA NtLoadKey,0.3245320933710306
5,OleInitialize RemoveDirectoryW InternetConnectA RemoveDirectoryW InternetConnectA,0.3238778419048064
7,RemoveDirectoryW InternetConnectA RemoveDirectoryW InternetConnectA RemoveDirectoryW InternetConnectA NtLoadKey,0.323737645162044
4,NtLoadKey InternetConnectA RemoveDirectoryW InternetConnectA,0.3203028249643667
4,GetFileVersionInfoExW RemoveDirectoryW InternetConnectA RemoveDirectoryW,0.31392387316868
5,GetFileVersionInfoExW RemoveDirectoryW InternetConnectA RemoveDirectoryW InternetConnectA,0.3138771409210926
2,FindResourceW GetFileType,0.3058391943360516
2,GetFileType FindResourceW,0.3055354347267331
3,Process32NextW NtLoadKey InternetConnectA,0.2929644601257097
3,InternetConnectA NtSetValueKey OleInitialize,0.2893660770614762
3,LdrGetProcedureAddress NtLoadDriver Process32NextW,0.2875902516531533
7,GetFileVersionInfoExW RemoveDirectoryW InternetConnectA RemoveDirectoryW InternetConnectA RemoveDirectoryW InternetConnectA,0.2867958034441666
3,recv LdrGetProcedureAddress NtLoadDriver,0.2760240203752599
9,GetFileVersionInfoExW RemoveDirectoryW InternetConnectA RemoveDirectoryW InternetConnectA RemoveDirectoryW InternetConnectA RemoveDirectoryW InternetConnectA,0.2750192770521298
4,recv LdrGetProcedureAddress NtLoadDriver Process32NextW,0.2741313643479683
3,Process32NextW RemoveDirectoryW InternetConnectA,0.2738743369862373
3,NtCreateSection Process32NextW NtLoadKey,0.2738509708624436
4,WSAAccept NtCreateSection Process32NextW NtLoadKey,0.2738276047386499
4,NtCreateSection Process32NextW NtLoadKey InternetConnectA,0.2737808724910625
5,WSAAccept NtCreateSection Process32NextW NtLoadKey InternetConnectA,0.2737575063672687
3,CryptHashData FindResourceW GetFileType,0.2703226861695913
6,OleInitialize RemoveDirectoryW InternetConnectA RemoveDirectoryW InternetConnectA RemoveDirectoryW,0.2615837558707386
7,OleInitialize RemoveDirectoryW InternetConnectA RemoveDirectoryW InternetConnectA RemoveDirectoryW InternetConnectA,0.2604388158048461
3,RemoveDirectoryW InternetConnectA CoUninitialize,0.2576816131971867
3,InternetConnectA GetComputerNameW recv,0.2549945089609085
4,RemoveDirectoryW InternetConnectA GetComputerNameW recv,0.2549711428371147
3,GetComputerNameW recv LdrGetProcedureAddress,0.2542234268757156
5,RemoveDirectoryW InternetConnectA GetComputerNameW recv LdrGetProcedureAddress,0.2541766946281281
4,GetComputerNameW recv LdrGetProcedureAddress NtLoadDriver,0.2508119728018319
6,RemoveDirectoryW InternetConnectA GetComputerNameW recv LdrGetProcedureAddress NtLoadDriver,0.2507652405542445
5,GetComputerNameW recv LdrGetProcedureAddress NtLoadDriver Process32NextW,0.2499006939738766
7,RemoveDirectoryW InternetConnectA GetComputerNameW recv LdrGetProcedureAddress NtLoadDriver Process32NextW,0.2498539617262892
3,Process32NextW CryptHashData OleInitialize,0.2396195995046381
4,InternetConnectA NtLoadKey InternetConnectA CreateActCtxW,0.2381475337056335
3,GetAdaptersAddresses NtLoadKey InternetConnectA,0.2374465499918218
3,Process32NextW SetStdHandle LookupAccountSidW,0.2371427903825034
4,Process32NextW SetStdHandle LookupAccountSidW GetAdaptersAddresses,0.2346893473841624
4,Process32NextW CryptHashData OleInitialize RemoveDirectoryW,0.2335444073182699
5,Process32NextW CryptHashData OleInitialize RemoveDirectoryW InternetConnectA,0.2328667897282519
3,InternetConnectA recv CoGetClassObject,0.2302731499871486
3,LookupAccountSidW GetAdaptersAddresses NtLoadKey,0.2295955323971306
4,SetStdHandle LookupAccountSidW GetAdaptersAddresses NtLoadKey,0.229058111549875
5,NtLoadKey InternetConnectA NtLoadKey InternetConnectA CreateActCtxW,0.2284272262074444
4,LookupAccountSidW GetAdaptersAddresses NtLoadKey InternetConnectA,0.2283337617122695
6,InternetConnectA NtLoadKey InternetConnectA NtLoadKey InternetConnectA CreateActCtxW,0.2282870294646821
5,SetStdHandle LookupAccountSidW GetAdaptersAddresses NtLoadKey InternetConnectA,0.2279131714839825
5,RemoveDirectoryW InternetConnectA NtLoadKey InternetConnectA NtLoadKey,0.2262074444470407
6,RemoveDirectoryW InternetConnectA NtLoadKey InternetConnectA NtLoadKey InternetConnectA,0.2258803187139285
3,InternetConnectA SetStdHandle LookupAccountSidW,0.2251326027525294
4,InternetConnectA SetStdHandle LookupAccountSidW GetAdaptersAddresses,0.2226090613828072
3,NtTerminateThread SetStdHandle LookupAccountSidW,0.2194312685468607
3,RemoveDirectoryW InternetConnectA GetFileVersionInfoExW,0.2191976073089235
3,LookupAccountSidW GetAdaptersAddresses NtTerminateThread,0.2191742411851298
7,RemoveDirectoryW InternetConnectA NtLoadKey InternetConnectA NtLoadKey InternetConnectA CreateActCtxW,0.2190340444423674
4,NtTerminateThread SetStdHandle LookupAccountSidW GetAdaptersAddresses,0.2189639460709863
2,GetAdaptersAddresses NtTerminateThread,0.2188938476996051
4,LookupAccountSidW GetAdaptersAddresses NtTerminateThread GetAdaptersAddresses,0.2186134542140804
4,SetStdHandle LookupAccountSidW GetAdaptersAddresses NtTerminateThread,0.2184031590999369
4,CryptHashData FindResourceW GetFileType FindResourceW,0.218309694604762
5,CryptHashData FindResourceW GetFileType FindResourceW GetFileType,0.2180993994906185
5,SetStdHandle LookupAccountSidW GetAdaptersAddresses NtTerminateThread GetAdaptersAddresses,0.217889104376475
6,NtTerminateThread SetStdHandle LookupAccountSidW GetAdaptersAddresses NtTerminateThread GetAdaptersAddresses,0.2176087108909503
6,RemoveDirectoryW InternetConnectA RemoveDirectoryW InternetConnectA NtLoadKey InternetConnectA,0.2164404047012641
6,InternetConnectA RemoveDirectoryW InternetConnectA NtLoadKey InternetConnectA NtLoadKey,0.2136131037222235
2,__anomaly__ RemoveDirectoryW,0.2129354861322055
7,RemoveDirectoryW InternetConnectA RemoveDirectoryW InternetConnectA NtLoadKey InternetConnectA NtLoadKey,0.2116269831997569
8,RemoveDirectoryW InternetConnectA RemoveDirectoryW InternetConnectA NtLoadKey InternetConnectA NtLoadKey InternetConnectA,0.2113232235904386
9,RemoveDirectoryW InternetConnectA RemoveDirectoryW InternetConnectA NtLoadKey InternetConnectA NtLoadKey InternetConnectA CreateActCtxW,0.2094072014393532
3,CoGetClassObject NtShutdownSystem ShellExecuteExW,0.2084024581162231
8,RemoveDirectoryW InternetConnectA RemoveDirectoryW InternetConnectA RemoveDirectoryW InternetConnectA NtLoadKey InternetConnectA,0.2063696053461691
3,OpenSCManagerA SetStdHandle CryptUnprotectMemory,0.2061359441082318
8,InternetConnectA RemoveDirectoryW InternetConnectA RemoveDirectoryW InternetConnectA RemoveDirectoryW InternetConnectA NtLoadKey,0.2045003154426712
9,RemoveDirectoryW InternetConnectA RemoveDirectoryW InternetConnectA RemoveDirectoryW InternetConnectA RemoveDirectoryW InternetConnectA NtLoadKey,0.2044769493188775
10,RemoveDirectoryW InternetConnectA RemoveDirectoryW InternetConnectA RemoveDirectoryW InternetConnectA RemoveDirectoryW InternetConnectA NtLoadKey InternetConnectA,0.2040563590905904
8,InternetConnectA RemoveDirectoryW InternetConnectA RemoveDirectoryW InternetConnectA NtLoadKey InternetConnectA NtLoadKey,0.2030983480150477
10,RemoveDirectoryW InternetConnectA RemoveDirectoryW InternetConnectA RemoveDirectoryW InternetConnectA NtLoadKey InternetConnectA NtLoadKey InternetConnectA,0.2024207304250297
3,InternetConnectA NtLoadKey FindResourceW,0.2023272659298549
4,RemoveDirectoryW InternetConnectA NtLoadKey FindResourceW,0.2023038998060611
10,InternetConnectA RemoveDirectoryW InternetConnectA RemoveDirectoryW InternetConnectA NtLoadKey InternetConnectA NtLoadKey InternetConnectA CreateActCtxW,0.2014159871018996
10,InternetConnectA RemoveDirectoryW InternetConnectA RemoveDirectoryW InternetConnectA RemoveDirectoryW InternetConnectA NtLoadKey InternetConnectA NtLoadKey,0.2003177792835946
3,NtCreateSection Process32NextW RemoveDirectoryW,0.1919293408416477
3,NtLoadKey InternetConnectA OleInitialize,0.1918826085940603
3,CertCreateCertificateContext LoadStringW GetFileType,0.1913685538705984
3,NtShutdownSystem ShellExecuteExW Process32NextW,0.1912517232516297
3,CreateActCtxW RemoveDirectoryW InternetConnectA,0.1902002476809122
3,NtQueryKey OleInitialize RemoveDirectoryW,0.1899665864429749
4,OleInitialize NtQueryKey OleInitialize RemoveDirectoryW,0.1894291655957193
4,NtCreateSection Process32NextW RemoveDirectoryW InternetConnectA,0.1894057994719256
3,FindResourceW GetFileType NtLoadKey,0.1886347173867327
3,GetFileVersionInfoExW NtLoadKey InternetConnectA,0.1882608594060331
3,NtCreateSection Process32NextW InternetConnectA,0.1873495805780779
3,InternetConnectA CreateActCtxW RemoveDirectoryW,0.1861812743883917
4,NtLoadKey InternetConnectA CreateActCtxW RemoveDirectoryW,0.1858307825314858
5,NtLoadKey InternetConnectA CreateActCtxW RemoveDirectoryW InternetConnectA,0.1853868261794051
3,CreateThread NtLoadKey InternetConnectA,0.1853400939318176
5,FindResourceW GetFileType FindResourceW GetFileType NtLoadKey,0.1847559408369745
3,recv CoGetClassObject NtShutdownSystem,0.1846391102180059
3,InternetConnectA __anomaly__ RemoveDirectoryW,0.1846157440942122
4,recv CoGetClassObject NtShutdownSystem ShellExecuteExW,0.1842886183611
4,InternetConnectA __anomaly__ RemoveDirectoryW __anomaly__,0.1841484216183377
4,WSAAccept NtCreateSection Process32NextW InternetConnectA,0.184125055494544
3,CryptDecrypt SetStdHandle LookupAccountSidW,0.1835409023997009
2,InternetConnectA Thread32Next,0.1828399186858892
4,InternetConnectA Thread32Next InternetConnectA sendto,0.1828165525620954
3,NtLoadKey FindResourceW GetFileType,0.1823725962100147
5,Process32NextW WSAAccept NtCreateSection Process32NextW InternetConnectA,0.1819753721055214
3,HttpSendRequestA InternetGetConnectedStateExW GetAdaptersAddresses,0.1819520059817277
7,WSAAccept NtCreateSection Process32NextW WSAAccept NtCreateSection Process32NextW InternetConnectA,0.1819052737341402
6,CryptHashData FindResourceW GetFileType FindResourceW GetFileType FindResourceW,0.180993994906185
7,CryptHashData FindResourceW GetFileType FindResourceW GetFileType FindResourceW GetFileType,0.1809005304110101
8,CryptHashData FindResourceW GetFileType FindResourceW GetFileType FindResourceW GetFileType FindResourceW,0.1808537981634226
10,GetFileVersionInfoExW RemoveDirectoryW InternetConnectA RemoveDirectoryW InternetConnectA RemoveDirectoryW InternetConnectA RemoveDirectoryW InternetConnectA NtLoadKey,0.1806668691730728
9,CryptHashData FindResourceW GetFileType FindResourceW GetFileType FindResourceW GetFileType FindResourceW GetFileType,0.1805266724303105
10,CryptHashData FindResourceW GetFileType FindResourceW GetFileType FindResourceW GetFileType FindResourceW GetFileType FindResourceW,0.1800359838306423
5,InternetConnectA NtLoadKey InternetConnectA CreateActCtxW RemoveDirectoryW,0.1790546066313059
7,InternetConnectA NtLoadKey InternetConnectA NtLoadKey InternetConnectA CreateActCtxW RemoveDirectoryW,0.178961142136131
3,ShellExecuteExW Process32NextW SetStdHandle,0.1788209453933687
4,NtShutdownSystem ShellExecuteExW Process32NextW SetStdHandle,0.1787975792695749
3,NtTerminateThread GetAdaptersAddresses SetStdHandle,0.1785639180316377
3,GetFileType NtLoadKey InternetConnectA,0.178540551907844
9,InternetConnectA RemoveDirectoryW InternetConnectA NtLoadKey InternetConnectA NtLoadKey InternetConnectA CreateActCtxW RemoveDirectoryW,0.1784470874126691
4,CoGetClassObject NtShutdownSystem ShellExecuteExW Process32NextW,0.1784470874126691
5,LookupAccountSidW GetAdaptersAddresses NtTerminateThread GetAdaptersAddresses SetStdHandle,0.1784470874126691
5,InternetConnectA recv CoGetClassObject NtShutdownSystem ShellExecuteExW,0.1784237212888753
5,recv CoGetClassObject NtShutdownSystem ShellExecuteExW Process32NextW,0.1784003551650816
3,LookupAccountSidW GetAdaptersAddresses CryptDecrypt,0.1783769890412879
4,ShellExecuteExW Process32NextW SetStdHandle LookupAccountSidW,0.1783769890412879
10,CoUninitialize WSAAccept NtCreateSection Process32NextW WSAAccept NtCreateSection Process32NextW InternetConnectA Thread32Next InternetConnectA,0.1783536229174942
10,RemoveDirectoryW InternetConnectA CoUninitialize WSAAccept NtCreateSection Process32NextW WSAAccept NtCreateSection Process32NextW InternetConnectA,0.1783536229174942
10,Process32NextW InternetConnectA Thread32Next InternetConnectA sendto InternetConnectA recv CoGetClassObject NtShutdownSystem ShellExecuteExW,0.1783536229174942
10,Process32NextW WSAAccept NtCreateSection Process32NextW InternetConnectA Thread32Next InternetConnectA sendto InternetConnectA recv,0.1783536229174942
10,InternetConnectA CoUninitialize WSAAccept NtCreateSection Process32NextW WSAAccept NtCreateSection Process32NextW InternetConnectA Thread32Next,0.1783536229174942
10,InternetConnectA CreateActCtxW RemoveDirectoryW InternetConnectA CoUninitialize WSAAccept NtCreateSection Process32NextW WSAAccept NtCreateSection,0.1783536229174942
10,InternetConnectA NtLoadKey InternetConnectA NtLoadKey InternetConnectA CreateActCtxW RemoveDirectoryW InternetConnectA CoUninitialize WSAAccept,0.1783536229174942
10,InternetConnectA recv CoGetClassObject NtShutdownSystem ShellExecuteExW Process32NextW SetStdHandle LookupAccountSidW GetAdaptersAddresses CryptDecrypt,0.1783536229174942
10,InternetConnectA Thread32Next InternetConnectA sendto InternetConnectA recv CoGetClassObject NtShutdownSystem ShellExecuteExW Process32NextW,0.1783536229174942
10,sendto InternetConnectA recv CoGetClassObject NtShutdownSystem ShellExecuteExW Process32NextW SetStdHandle LookupAccountSidW GetAdaptersAddresses,0.1783536229174942
10,WSAAccept NtCreateSection Process32NextW InternetConnectA Thread32Next InternetConnectA sendto InternetConnectA recv CoGetClassObject,0.1783536229174942
10,WSAAccept NtCreateSection Process32NextW WSAAccept NtCreateSection Process32NextW InternetConnectA Thread32Next InternetConnectA sendto,0.1783536229174942
10,Thread32Next InternetConnectA sendto InternetConnectA recv CoGetClassObject NtShutdownSystem ShellExecuteExW Process32NextW SetStdHandle,0.1783536229174942
10,InternetConnectA NtLoadKey InternetConnectA CreateActCtxW RemoveDirectoryW InternetConnectA CoUninitialize WSAAccept NtCreateSection Process32NextW,0.1783536229174942
10,CreateActCtxW RemoveDirectoryW InternetConnectA CoUninitialize WSAAccept NtCreateSection Process32NextW WSAAccept NtCreateSection Process32NextW,0.1783536229174942
10,NtLoadKey InternetConnectA NtLoadKey InternetConnectA CreateActCtxW RemoveDirectoryW InternetConnectA CoUninitialize WSAAccept NtCreateSection,0.1783536229174942
10,NtCreateSection Process32NextW WSAAccept NtCreateSection Process32NextW InternetConnectA Thread32Next InternetConnectA sendto InternetConnectA,0.1783536229174942
10,NtCreateSection Process32NextW InternetConnectA Thread32Next InternetConnectA sendto InternetConnectA recv CoGetClassObject NtShutdownSystem,0.1783536229174942
10,NtLoadKey InternetConnectA CreateActCtxW RemoveDirectoryW InternetConnectA CoUninitialize WSAAccept NtCreateSection Process32NextW WSAAccept,0.1783536229174942
10,InternetConnectA sendto InternetConnectA recv CoGetClassObject NtShutdownSystem ShellExecuteExW Process32NextW SetStdHandle LookupAccountSidW,0.1783536229174942
10,RemoveDirectoryW InternetConnectA NtLoadKey InternetConnectA NtLoadKey InternetConnectA CreateActCtxW RemoveDirectoryW InternetConnectA CoUninitialize,0.1783536229174942
10,recv CoGetClassObject NtShutdownSystem ShellExecuteExW Process32NextW SetStdHandle LookupAccountSidW GetAdaptersAddresses CryptDecrypt SetStdHandle,0.1781433278033507
10,CoGetClassObject NtShutdownSystem ShellExecuteExW Process32NextW SetStdHandle LookupAccountSidW GetAdaptersAddresses CryptDecrypt SetStdHandle LookupAccountSidW,0.1781433278033507
10,ShellExecuteExW Process32NextW SetStdHandle LookupAccountSidW GetAdaptersAddresses CryptDecrypt SetStdHandle LookupAccountSidW NtTerminateThread SetStdHandle,0.1780732294319695
8,SetStdHandle LookupAccountSidW NtTerminateThread SetStdHandle LookupAccountSidW GetAdaptersAddresses NtTerminateThread GetAdaptersAddresses,0.1780732294319695
10,CryptDecrypt SetStdHandle LookupAccountSidW NtTerminateThread SetStdHandle LookupAccountSidW GetAdaptersAddresses NtTerminateThread GetAdaptersAddresses SetStdHandle,0.1780732294319695
9,GetAdaptersAddresses CryptDecrypt SetStdHandle LookupAccountSidW NtTerminateThread SetStdHandle LookupAccountSidW GetAdaptersAddresses NtTerminateThread,0.1780732294319695
10,NtShutdownSystem ShellExecuteExW Process32NextW SetStdHandle LookupAccountSidW GetAdaptersAddresses CryptDecrypt SetStdHandle LookupAccountSidW NtTerminateThread,0.1780732294319695
10,LookupAccountSidW GetAdaptersAddresses CryptDecrypt SetStdHandle LookupAccountSidW NtTerminateThread SetStdHandle LookupAccountSidW GetAdaptersAddresses NtTerminateThread,0.1780732294319695
10,LookupAccountSidW NtTerminateThread SetStdHandle LookupAccountSidW GetAdaptersAddresses NtTerminateThread GetAdaptersAddresses SetStdHandle LookupAccountSidW GetAdaptersAddresses,0.1780732294319695
7,SetStdHandle LookupAccountSidW GetAdaptersAddresses CryptDecrypt SetStdHandle LookupAccountSidW NtTerminateThread,0.1780732294319695
10,Process32NextW SetStdHandle LookupAccountSidW GetAdaptersAddresses CryptDecrypt SetStdHandle LookupAccountSidW NtTerminateThread SetStdHandle LookupAccountSidW,0.1780732294319695
4,FindResourceW GetFileType NtLoadKey InternetConnectA,0.1777928359464448
4,SetStdHandle LookupAccountSidW GetAdaptersAddresses GetFileSizeEx,0.1775591747085076
4,NtLoadKey FindResourceW GetFileType FindResourceW,0.1775591747085076
10,NtTerminateThread SetStdHandle LookupAccountSidW GetAdaptersAddresses NtTerminateThread GetAdaptersAddresses SetStdHandle LookupAccountSidW GetAdaptersAddresses GetFileSizeEx,0.1775358085847138
10,SetStdHandle LookupAccountSidW GetAdaptersAddresses NtTerminateThread GetAdaptersAddresses SetStdHandle LookupAccountSidW GetAdaptersAddresses GetFileSizeEx __exception__,0.1759001799191532
5,NtLoadKey FindResourceW GetFileType FindResourceW GetFileType,0.1744514802439423
3,RemoveDirectoryW InternetConnectA GetTimeZoneInformation,0.1741710867584176
6,FindResourceW GetFileType FindResourceW GetFileType NtLoadKey InternetConnectA,0.1739841577680678
3,CopyFileExW GetAdaptersAddresses SetStdHandle,0.173797228777718
2,RemoveDirectoryW __anomaly__,0.1723485291025072
3,GetFileSizeEx __exception__ GetKeyState,0.1716709115124892
3,NtLoadKey InternetConnectA NtSetValueKey,0.1715774470173143
10,LookupAccountSidW GetAdaptersAddresses NtTerminateThread GetAdaptersAddresses SetStdHandle LookupAccountSidW GetAdaptersAddresses GetFileSizeEx __exception__ GetKeyState,0.1712269551604084
4,Process32NextW NtLoadKey InternetConnectA NtLoadKey,0.17092319555109
3,SetStdHandle WSAAccept NtCreateSection,0.1708297310559151
5,Process32NextW NtLoadKey InternetConnectA NtLoadKey InternetConnectA,0.170666168189359
3,RemoveDirectoryW InternetConnectA WSAConnect,0.170502605322803
2,OleInitialize CryptHashData,0.1701053812183097
3,InternetConnectA SetStdHandle WSAAccept,0.1694744958758791
4,InternetConnectA SetStdHandle WSAAccept NtCreateSection,0.1693576652569105
4,NtLoadKey InternetConnectA SetStdHandle WSAAccept,0.1692875668855293
5,NtLoadKey InternetConnectA SetStdHandle WSAAccept NtCreateSection,0.1692642007617356
4,InternetConnectA NtLoadKey InternetConnectA NtSetValueKey,0.168890342781036
5,NtLoadKey InternetConnectA NtLoadKey InternetConnectA NtSetValueKey,0.1687501460382737
7,NtLoadKey InternetConnectA NtLoadKey InternetConnectA NtLoadKey InternetConnectA NtSetValueKey,0.1684931186765427
7,Process32NextW NtLoadKey InternetConnectA NtLoadKey InternetConnectA NtLoadKey InternetConnectA,0.168212725191018
4,CreateThread NtLoadKey InternetConnectA SetStdHandle,0.1678855994579059
3,FindResourceW GetFileType CryptHashData,0.1678622333341122
3,CreateThread RemoveDirectoryW InternetConnectA,0.1675117414772063
4,NtLoadKey InternetConnectA NtSetValueKey OleInitialize,0.1673949108582377
6,NtLoadKey InternetConnectA NtLoadKey InternetConnectA NtSetValueKey OleInitialize,0.167371544734444
8,NtLoadKey InternetConnectA NtLoadKey InternetConnectA NtLoadKey InternetConnectA NtSetValueKey OleInitialize,0.1672780802392691
4,OleInitialize CryptHashData OleInitialize RemoveDirectoryW,0.1672547141154753
3,FindResourceW GetFileType RegEnumKeyExA,0.1671846157440942
4,InternetConnectA NtSetValueKey OleInitialize SetStdHandle,0.1670911512489193
9,NtLoadKey InternetConnectA NtLoadKey InternetConnectA NtLoadKey InternetConnectA NtSetValueKey OleInitialize SetStdHandle,0.1670444190013318
5,CreateThread NtLoadKey InternetConnectA SetStdHandle WSAAccept,0.1669976867537444
5,OleInitialize CryptHashData OleInitialize RemoveDirectoryW InternetConnectA,0.1669743206299506
6,CreateThread NtLoadKey InternetConnectA SetStdHandle WSAAccept NtCreateSection,0.1669743206299506
3,NtCreateSection NtLoadKey InternetConnectA,0.1669509545061569
3,WSAAccept NtCreateSection NtLoadKey,0.1669275883823632
8,Process32NextW NtLoadKey InternetConnectA NtLoadKey InternetConnectA NtLoadKey InternetConnectA NtSetValueKey,0.1668808561347758
7,CreateThread NtLoadKey InternetConnectA SetStdHandle WSAAccept NtCreateSection NtLoadKey,0.1668808561347758
8,CreateThread NtLoadKey InternetConnectA SetStdHandle WSAAccept NtCreateSection NtLoadKey InternetConnectA,0.166857490010982
8,CreateThread RemoveDirectoryW InternetConnectA GetTimeZoneInformation CreateThread NtLoadKey InternetConnectA SetStdHandle,0.166857490010982
9,CreateThread RemoveDirectoryW InternetConnectA GetTimeZoneInformation CreateThread NtLoadKey InternetConnectA SetStdHandle WSAAccept,0.1667640255158071
9,SetFilePointerEx CreateThread RemoveDirectoryW InternetConnectA GetTimeZoneInformation CreateThread NtLoadKey InternetConnectA SetStdHandle,0.1667640255158071
10,CreateThread RemoveDirectoryW InternetConnectA GetTimeZoneInformation CreateThread NtLoadKey InternetConnectA SetStdHandle WSAAccept NtCreateSection,0.1667406593920134
10,SetFilePointerEx CreateThread RemoveDirectoryW InternetConnectA GetTimeZoneInformation CreateThread NtLoadKey InternetConnectA SetStdHandle WSAAccept,0.1666705610206323
10,RemoveDirectoryW InternetConnectA GetTimeZoneInformation CreateThread NtLoadKey InternetConnectA SetStdHandle WSAAccept NtCreateSection NtLoadKey,0.1666471948968385
9,InternetConnectA GetTimeZoneInformation CreateThread NtLoadKey InternetConnectA SetStdHandle WSAAccept NtCreateSection NtLoadKey,0.1666238287730448
3,SetStdHandle SetFilePointerEx CreateThread,0.1665303642778699
9,SetStdHandle SetFilePointerEx CreateThread RemoveDirectoryW InternetConnectA GetTimeZoneInformation CreateThread NtLoadKey InternetConnectA,0.1664836320302825
3,OleInitialize SetStdHandle SetFilePointerEx,0.1664135336589013
10,OleInitialize SetStdHandle SetFilePointerEx CreateThread RemoveDirectoryW InternetConnectA GetTimeZoneInformation CreateThread NtLoadKey InternetConnectA,0.1663901675351076
9,Process32NextW NtLoadKey InternetConnectA NtLoadKey InternetConnectA NtLoadKey InternetConnectA NtSetValueKey OleInitialize,0.1660396756782017
5,Process32NextW WSAAccept NtCreateSection Process32NextW NtLoadKey,0.1659462111830268
6,Process32NextW WSAAccept NtCreateSection Process32NextW NtLoadKey InternetConnectA,0.1658761128116457
7,WSAAccept NtCreateSection Process32NextW WSAAccept NtCreateSection Process32NextW NtLoadKey,0.1658527466878519
10,Process32NextW NtLoadKey InternetConnectA NtLoadKey InternetConnectA NtLoadKey InternetConnectA NtSetValueKey OleInitialize SetStdHandle,0.1658293805640582
10,NtLoadKey InternetConnectA NtLoadKey InternetConnectA NtLoadKey InternetConnectA NtSetValueKey OleInitialize SetStdHandle SetFilePointerEx,0.1658060144402645
10,NtLoadKey InternetConnectA NtSetValueKey OleInitialize SetStdHandle SetFilePointerEx CreateThread RemoveDirectoryW InternetConnectA GetTimeZoneInformation,0.1657826483164707
10,NtLoadKey InternetConnectA NtLoadKey InternetConnectA NtSetValueKey OleInitialize SetStdHandle SetFilePointerEx CreateThread RemoveDirectoryW,0.1657826483164707
10,NtSetValueKey OleInitialize SetStdHandle SetFilePointerEx CreateThread RemoveDirectoryW InternetConnectA GetTimeZoneInformation CreateThread NtLoadKey,0.1657826483164707
8,WSAAccept NtCreateSection Process32NextW WSAAccept NtCreateSection Process32NextW NtLoadKey InternetConnectA,0.1657826483164707
7,WSAAccept NtCreateSection Process32NextW NtLoadKey InternetConnectA NtLoadKey InternetConnectA,0.1657826483164707
10,InternetConnectA NtLoadKey InternetConnectA NtLoadKey InternetConnectA NtSetValueKey OleInitialize SetStdHandle SetFilePointerEx CreateThread,0.1657826483164707
10,InternetConnectA NtSetValueKey OleInitialize SetStdHandle SetFilePointerEx CreateThread RemoveDirectoryW InternetConnectA GetTimeZoneInformation CreateThread,0.1657826483164707
9,InternetConnectA NtLoadKey InternetConnectA NtSetValueKey OleInitialize SetStdHandle SetFilePointerEx CreateThread RemoveDirectoryW,0.1657826483164707
10,WSAAccept NtCreateSection Process32NextW WSAAccept NtCreateSection Process32NextW NtLoadKey InternetConnectA NtLoadKey InternetConnectA,0.165759282192677
8,Process32NextW WSAAccept NtCreateSection Process32NextW WSAAccept NtCreateSection Process32NextW NtLoadKey,0.1656424515737084
9,WSAAccept NtCreateSection Process32NextW NtLoadKey InternetConnectA NtLoadKey InternetConnectA NtLoadKey InternetConnectA,0.1656190854499147
10,Process32NextW WSAAccept NtCreateSection Process32NextW WSAAccept NtCreateSection Process32NextW NtLoadKey InternetConnectA NtLoadKey,0.165595719326121
10,NtCreateSection Process32NextW WSAAccept NtCreateSection Process32NextW NtLoadKey InternetConnectA NtLoadKey InternetConnectA NtLoadKey,0.165595719326121
10,WSAAccept NtCreateSection Process32NextW NtLoadKey InternetConnectA NtLoadKey InternetConnectA NtLoadKey InternetConnectA NtSetValueKey,0.165595719326121
10,Process32NextW WSAAccept NtCreateSection Process32NextW NtLoadKey InternetConnectA NtLoadKey InternetConnectA NtLoadKey InternetConnectA,0.165595719326121
10,NtCreateSection Process32NextW NtLoadKey InternetConnectA NtLoadKey InternetConnectA NtLoadKey InternetConnectA NtSetValueKey OleInitialize,0.1654087903357712
4,CopyFileExW GetAdaptersAddresses SetStdHandle LookupAccountSidW,0.1647311727457532
3,__anomaly__ CryptHashData FindResourceW,0.1642872163936724
4,__anomaly__ RemoveDirectoryW __anomaly__ CryptHashData,0.1641236535271164
5,__anomaly__ RemoveDirectoryW __anomaly__ CryptHashData FindResourceW,0.1640769212795289
3,NtLoadKey InternetConnectA __anomaly__,0.1638899922891791
3,GetFileType RegEnumKeyExA CryptHashData,0.1629319812136364
4,FindResourceW GetFileType RegEnumKeyExA CryptHashData,0.1628385167184615
4,InternetConnectA NtLoadKey InternetConnectA __anomaly__,0.1625581232329369
5,NtLoadKey InternetConnectA NtLoadKey InternetConnectA __anomaly__,0.1622309974998247
5,FindResourceW GetFileType FindResourceW GetFileType RegEnumKeyExA,0.1617403089001565
6,NtLoadKey FindResourceW GetFileType FindResourceW GetFileType RegEnumKeyExA,0.1616234782811879
4,NtLoadKey InternetConnectA __anomaly__ RemoveDirectoryW,0.1608991284435825
5,NtLoadKey InternetConnectA __anomaly__ RemoveDirectoryW __anomaly__,0.1608757623197887
5,InternetConnectA NtLoadKey InternetConnectA __anomaly__ RemoveDirectoryW,0.1607121994532327
6,InternetConnectA NtLoadKey InternetConnectA __anomaly__ RemoveDirectoryW __anomaly__,0.1606888333294389
6,NtLoadKey InternetConnectA NtLoadKey InternetConnectA __anomaly__ RemoveDirectoryW,0.1605953688342641
7,NtLoadKey InternetConnectA NtLoadKey InternetConnectA __anomaly__ RemoveDirectoryW __anomaly__,0.1605720027104703
5,RemoveDirectoryW InternetConnectA NtLoadKey FindResourceW GetFileType,0.1585858821880038
3,SetStdHandle CertCreateCertificateContext LoadStringW,0.1585625160642101
5,CryptHashData OleInitialize RemoveDirectoryW InternetConnectA RemoveDirectoryW,0.1585157838166226
6,CryptHashData OleInitialize RemoveDirectoryW InternetConnectA RemoveDirectoryW InternetConnectA,0.158398953197654
6,RemoveDirectoryW InternetConnectA NtLoadKey FindResourceW GetFileType FindResourceW,0.1583288548262728
4,SetStdHandle CertCreateCertificateContext LoadStringW GetFileType,0.1583054887024791
6,FindResourceW GetFileType FindResourceW GetFileType RegEnumKeyExA CryptHashData,0.1574643082459051
7,NtLoadKey FindResourceW GetFileType FindResourceW GetFileType RegEnumKeyExA CryptHashData,0.1573474776269364
4,NtQueryKey OleInitialize RemoveDirectoryW InternetConnectA,0.1559221440755193
4,GetAdaptersAddresses NtLoadKey InternetConnectA NtLoadKey,0.155688482837582
3,Process32NextW OleInitialize CryptHashData,0.155524919971026
5,OleInitialize NtQueryKey OleInitialize RemoveDirectoryW InternetConnectA,0.1554548215996448
7,RemoveDirectoryW InternetConnectA NtLoadKey FindResourceW GetFileType FindResourceW GetFileType,0.1553847232282636
5,GetAdaptersAddresses NtLoadKey InternetConnectA NtLoadKey InternetConnectA,0.1546603733906582
4,Process32NextW OleInitialize CryptHashData OleInitialize,0.1539593896768465
5,Process32NextW OleInitialize CryptHashData OleInitialize RemoveDirectoryW,0.1537257284389092
6,Process32NextW OleInitialize CryptHashData OleInitialize RemoveDirectoryW InternetConnectA,0.1536789961913218
4,NtCreateSection NtLoadKey InternetConnectA RemoveDirectoryW,0.1533986027057971
5,NtCreateSection NtLoadKey InternetConnectA RemoveDirectoryW InternetConnectA,0.1533752365820034
7,NtCreateSection NtLoadKey InternetConnectA RemoveDirectoryW InternetConnectA NtLoadKey InternetConnectA,0.1533518704582097
10,GetTimeZoneInformation CreateThread NtLoadKey InternetConnectA SetStdHandle WSAAccept NtCreateSection NtLoadKey InternetConnectA RemoveDirectoryW,0.1533051382106222
10,CreateThread NtLoadKey InternetConnectA SetStdHandle WSAAccept NtCreateSection NtLoadKey InternetConnectA RemoveDirectoryW InternetConnectA,0.1532817720868285
9,InternetConnectA SetStdHandle WSAAccept NtCreateSection NtLoadKey InternetConnectA RemoveDirectoryW InternetConnectA NtLoadKey,0.1532817720868285
9,NtLoadKey InternetConnectA SetStdHandle WSAAccept NtCreateSection NtLoadKey InternetConnectA RemoveDirectoryW InternetConnectA,0.1532817720868285
4,InternetConnectA RemoveDirectoryW InternetConnectA GetFileVersionInfoExW,0.1532817720868285
5,GetAdaptersAddresses SetStdHandle LookupAccountSidW GetAdaptersAddresses CryptDecrypt,0.153071476972685
5,LookupAccountSidW GetAdaptersAddresses NtLoadKey InternetConnectA NtLoadKey,0.1530481108488912
5,RemoveDirectoryW InternetConnectA RemoveDirectoryW InternetConnectA GetFileVersionInfoExW,0.1528378157347477
6,SetStdHandle LookupAccountSidW GetAdaptersAddresses NtLoadKey InternetConnectA NtLoadKey,0.1527209851157791
3,OleInitialize NtLoadKey InternetConnectA,0.1526742528681917
6,LookupAccountSidW GetAdaptersAddresses SetStdHandle LookupAccountSidW GetAdaptersAddresses CryptDecrypt,0.1526508867443979
5,InternetConnectA SetStdHandle LookupAccountSidW GetAdaptersAddresses SetStdHandle,0.1523704932588732
3,RegEnumKeyExA CryptHashData FindResourceW,0.1523237610112858
6,LookupAccountSidW GetAdaptersAddresses NtLoadKey InternetConnectA NtLoadKey InternetConnectA,0.152136832020936
3,OleInitialize CryptHashData Process32NextW,0.1519732691543799
3,CreateThread SetStdHandle LookupAccountSidW,0.1518564385354113
3,SetStdHandle CryptUnprotectMemory OpenSCManagerA,0.1518564385354113
4,CreateThread SetStdHandle LookupAccountSidW GetAdaptersAddresses,0.1518330724116176
7,SetStdHandle LookupAccountSidW GetAdaptersAddresses NtLoadKey InternetConnectA NtLoadKey InternetConnectA,0.1518097062878239
5,CreateThread SetStdHandle LookupAccountSidW GetAdaptersAddresses NtLoadKey,0.1517863401640302
6,CreateThread SetStdHandle LookupAccountSidW GetAdaptersAddresses NtLoadKey InternetConnectA,0.1517629740402364
8,CreateThread SetStdHandle LookupAccountSidW GetAdaptersAddresses NtLoadKey InternetConnectA NtLoadKey InternetConnectA,0.151716241792649
10,CreateThread SetStdHandle LookupAccountSidW GetAdaptersAddresses NtLoadKey InternetConnectA NtLoadKey InternetConnectA __anomaly__ RemoveDirectoryW,0.1516928756688552
10,SetStdHandle LookupAccountSidW GetAdaptersAddresses NtLoadKey InternetConnectA NtLoadKey InternetConnectA __anomaly__ RemoveDirectoryW __anomaly__,0.1516695095450615
4,RegEnumKeyExA CryptHashData FindResourceW GetFileType,0.1515994111736804
3,NtSetValueKey NtLoadKey InternetConnectA,0.1514825805547117
7,NtLoadKey InternetConnectA __anomaly__ RemoveDirectoryW __anomaly__ RemoveDirectoryW __anomaly__,0.1512489193167745
9,NtLoadKey InternetConnectA NtLoadKey InternetConnectA __anomaly__ RemoveDirectoryW __anomaly__ RemoveDirectoryW __anomaly__,0.1512255531929808
10,LookupAccountSidW GetAdaptersAddresses NtLoadKey InternetConnectA NtLoadKey InternetConnectA __anomaly__ RemoveDirectoryW __anomaly__ RemoveDirectoryW,0.1512021870691871
10,GetAdaptersAddresses NtLoadKey InternetConnectA NtLoadKey InternetConnectA __anomaly__ RemoveDirectoryW __anomaly__ RemoveDirectoryW __anomaly__,0.1512021870691871
10,NtLoadKey InternetConnectA NtLoadKey InternetConnectA __anomaly__ RemoveDirectoryW __anomaly__ RemoveDirectoryW __anomaly__ CryptHashData,0.1511087225740122
10,InternetConnectA NtLoadKey InternetConnectA __anomaly__ RemoveDirectoryW __anomaly__ RemoveDirectoryW __anomaly__ CryptHashData FindResourceW,0.1510853564502184
5,RegEnumKeyExA CryptHashData FindResourceW GetFileType CryptHashData,0.1509451597074561
4,FindResourceW GetFileType CryptHashData RegEnumKeyExA,0.1504077388602004
3,HttpSendRequestA RemoveDirectoryW InternetConnectA,0.1500806131270883
5,CryptHashData FindResourceW GetFileType CryptHashData RegEnumKeyExA,0.1499637825081197
8,RemoveDirectoryW InternetConnectA NtLoadKey FindResourceW GetFileType FindResourceW GetFileType RegEnumKeyExA,0.1492394326705143
3,InternetConnectA CryptHashData FindResourceW,0.1491693342991331
4,RemoveDirectoryW InternetConnectA SetStdHandle LookupAccountSidW,0.149005771432577
3,CryptUnprotectMemory OpenSCManagerA SetStdHandle,0.1487020118232586
5,CopyFileExW GetAdaptersAddresses SetStdHandle LookupAccountSidW GetAdaptersAddresses,0.1486552795756711
7,CryptHashData OleInitialize RemoveDirectoryW InternetConnectA RemoveDirectoryW InternetConnectA RemoveDirectoryW,0.1485618150804963
8,CryptHashData OleInitialize RemoveDirectoryW InternetConnectA RemoveDirectoryW InternetConnectA RemoveDirectoryW InternetConnectA,0.1483515199663528
5,RemoveDirectoryW InternetConnectA SetStdHandle LookupAccountSidW GetAdaptersAddresses,0.1480711264808281
3,CryptHashData RegEnumKeyExA NtLoadKey,0.1478608313666845
7,RegEnumKeyExA CryptHashData FindResourceW GetFileType CryptHashData RegEnumKeyExA NtLoadKey,0.147650536252541
3,InternetConnectA FindResourceW GetFileType,0.1470663831576979
3,RegEnumKeyExA NtLoadKey FindResourceW,0.1469962847863168
4,CryptHashData RegEnumKeyExA NtLoadKey FindResourceW,0.146972918662523
8,RegEnumKeyExA CryptHashData FindResourceW GetFileType CryptHashData RegEnumKeyExA NtLoadKey FindResourceW,0.1469495525387293
5,CryptHashData RegEnumKeyExA NtLoadKey FindResourceW GetFileType,0.1469261864149356
9,RegEnumKeyExA CryptHashData FindResourceW GetFileType CryptHashData RegEnumKeyExA NtLoadKey FindResourceW GetFileType,0.1469028202911419
3,FindResourceW GetFileType Process32NextW,0.1468794541673481
8,OleInitialize RemoveDirectoryW InternetConnectA RemoveDirectoryW InternetConnectA RemoveDirectoryW InternetConnectA RemoveDirectoryW,0.1464121316914737
9,OleInitialize RemoveDirectoryW InternetConnectA RemoveDirectoryW InternetConnectA RemoveDirectoryW InternetConnectA RemoveDirectoryW InternetConnectA,0.146295301072505
6,RemoveDirectoryW InternetConnectA SetStdHandle LookupAccountSidW GetAdaptersAddresses SetStdHandle,0.1460616398345678
7,FindResourceW GetFileType FindResourceW GetFileType FindResourceW GetFileType NtLoadKey,0.1460149075869804
4,GetFileType RegEnumKeyExA CryptHashData FindResourceW,0.1458046124728368
8,NtLoadKey FindResourceW GetFileType FindResourceW GetFileType RegEnumKeyExA CryptHashData FindResourceW,0.1456644157300745
4,InternetConnectA CryptHashData FindResourceW GetFileType,0.1454307544921373
6,GetFileType RegEnumKeyExA CryptHashData FindResourceW GetFileType CryptHashData,0.1453840222445498
7,FindResourceW GetFileType RegEnumKeyExA CryptHashData FindResourceW GetFileType CryptHashData,0.1453606561207561
9,FindResourceW GetFileType FindResourceW GetFileType RegEnumKeyExA CryptHashData FindResourceW GetFileType CryptHashData,0.1453139238731687
9,NtLoadKey FindResourceW GetFileType FindResourceW GetFileType RegEnumKeyExA CryptHashData FindResourceW GetFileType,0.1453139238731687
10,NtLoadKey FindResourceW GetFileType FindResourceW GetFileType RegEnumKeyExA CryptHashData FindResourceW GetFileType CryptHashData,0.1452905577493749
6,CopyFileExW GetAdaptersAddresses SetStdHandle LookupAccountSidW GetAdaptersAddresses SetStdHandle,0.1451737271304063
7,OleInitialize CryptHashData OleInitialize RemoveDirectoryW InternetConnectA RemoveDirectoryW InternetConnectA,0.1451737271304063
10,Process32NextW OleInitialize CryptHashData OleInitialize RemoveDirectoryW InternetConnectA RemoveDirectoryW InternetConnectA RemoveDirectoryW InternetConnectA,0.1450101642638502
9,RemoveDirectoryW InternetConnectA NtLoadKey FindResourceW GetFileType FindResourceW GetFileType RegEnumKeyExA CryptHashData,0.1449867981400565
10,RemoveDirectoryW InternetConnectA NtLoadKey FindResourceW GetFileType FindResourceW GetFileType RegEnumKeyExA CryptHashData FindResourceW,0.1449400658924691
8,FindResourceW GetFileType RegEnumKeyExA CryptHashData FindResourceW GetFileType CryptHashData RegEnumKeyExA,0.1448699675210879
10,FindResourceW GetFileType FindResourceW GetFileType RegEnumKeyExA CryptHashData FindResourceW GetFileType CryptHashData RegEnumKeyExA,0.1448232352735004
10,InternetConnectA NtLoadKey FindResourceW GetFileType FindResourceW GetFileType RegEnumKeyExA CryptHashData FindResourceW GetFileType,0.1445895740355632
4,GetFileType FindResourceW GetFileType Process32NextW,0.1440054209407201
10,GetFileType FindResourceW GetFileType RegEnumKeyExA CryptHashData FindResourceW GetFileType CryptHashData RegEnumKeyExA NtLoadKey,0.1439586886931327
5,FindResourceW GetFileType FindResourceW GetFileType Process32NextW,0.1439586886931327
3,WSAConnect HttpSendRequestA RemoveDirectoryW,0.1438184919503703
3,InternetConnectA WSAConnect HttpSendRequestA,0.1437951258265766
4,RemoveDirectoryW InternetConnectA WSAConnect HttpSendRequestA,0.1437717597027829
9,FindResourceW GetFileType RegEnumKeyExA CryptHashData FindResourceW GetFileType CryptHashData RegEnumKeyExA NtLoadKey,0.1433278033507021
6,CryptHashData RegEnumKeyExA NtLoadKey FindResourceW GetFileType FindResourceW,0.1433278033507021
10,RegEnumKeyExA CryptHashData FindResourceW GetFileType CryptHashData RegEnumKeyExA NtLoadKey FindResourceW GetFileType FindResourceW,0.1433044372269084
9,GetFileType RegEnumKeyExA CryptHashData FindResourceW GetFileType CryptHashData RegEnumKeyExA NtLoadKey FindResourceW,0.1432810711031147
10,OleInitialize RemoveDirectoryW InternetConnectA RemoveDirectoryW InternetConnectA RemoveDirectoryW InternetConnectA RemoveDirectoryW InternetConnectA RemoveDirectoryW,0.1432810711031147
6,NtLoadKey FindResourceW GetFileType FindResourceW GetFileType FindResourceW,0.1432810711031147
7,CryptHashData RegEnumKeyExA NtLoadKey FindResourceW GetFileType FindResourceW GetFileType,0.1432810711031147
3,InternetConnectA SetStdHandle CertCreateCertificateContext,0.1432577049793209
10,CryptHashData FindResourceW GetFileType CryptHashData RegEnumKeyExA NtLoadKey FindResourceW GetFileType FindResourceW GetFileType,0.1432577049793209
4,WSAConnect HttpSendRequestA RemoveDirectoryW InternetConnectA,0.1432109727317335
8,CryptHashData RegEnumKeyExA NtLoadKey FindResourceW GetFileType FindResourceW GetFileType FindResourceW,0.1431876066079398
9,FindResourceW GetFileType CryptHashData RegEnumKeyExA NtLoadKey FindResourceW GetFileType FindResourceW GetFileType,0.143164240484146
7,NtLoadKey FindResourceW GetFileType FindResourceW GetFileType FindResourceW GetFileType,0.1431408743603523
9,CryptHashData RegEnumKeyExA NtLoadKey FindResourceW GetFileType FindResourceW GetFileType FindResourceW GetFileType,0.1430941421127649
9,GetFileType CryptHashData RegEnumKeyExA NtLoadKey FindResourceW GetFileType FindResourceW GetFileType FindResourceW,0.1430707759889712
4,InternetConnectA SetStdHandle CertCreateCertificateContext LoadStringW,0.1428137486272402
5,InternetConnectA SetStdHandle CertCreateCertificateContext LoadStringW GetFileType,0.1426268196368904
8,FindResourceW GetFileType FindResourceW GetFileType FindResourceW GetFileType NtLoadKey InternetConnectA,0.1425567212655092
10,CryptHashData RegEnumKeyExA NtLoadKey FindResourceW GetFileType FindResourceW GetFileType FindResourceW GetFileType NtLoadKey,0.142486622894128
10,RegEnumKeyExA NtLoadKey FindResourceW GetFileType FindResourceW GetFileType FindResourceW GetFileType NtLoadKey InternetConnectA,0.142486622894128
3,RemoveDirectoryW InternetConnectA CopyFileW,0.1423697922751594
5,RemoveDirectoryW InternetConnectA RemoveDirectoryW InternetConnectA CopyFileW,0.1422529616561908
5,InternetConnectA CryptHashData FindResourceW GetFileType FindResourceW,0.1415052456947917
6,InternetConnectA CryptHashData FindResourceW GetFileType FindResourceW GetFileType,0.1414818795709979
4,NtLoadKey InternetConnectA SetStdHandle CertCreateCertificateContext,0.1412949505806481
4,InternetConnectA WSAConnect HttpSendRequestA RemoveDirectoryW,0.1411781199616795
2,SetStdHandle LookupAccountSidW,0.1411080215902984
5,NtLoadKey InternetConnectA SetStdHandle CertCreateCertificateContext LoadStringW,0.1408743603523611
6,NtLoadKey InternetConnectA SetStdHandle CertCreateCertificateContext LoadStringW GetFileType,0.1407107974858051
4,RemoveDirectoryW InternetConnectA CopyFileW InternetConnectA,0.1400799121433745
5,RemoveDirectoryW InternetConnectA CopyFileW InternetConnectA CopyFileW,0.1400331798957871
6,RemoveDirectoryW InternetConnectA RemoveDirectoryW InternetConnectA CopyFileW InternetConnectA,0.1399630815244059
7,RemoveDirectoryW InternetConnectA RemoveDirectoryW InternetConnectA CopyFileW InternetConnectA CopyFileW,0.1399397154006122
2,LookupAccountSidW SetStdHandle,0.1399163492768184
3,InternetConnectA SetStdHandle CryptUnprotectMemory,0.1395892235437063
9,CryptHashData OleInitialize RemoveDirectoryW InternetConnectA RemoveDirectoryW InternetConnectA RemoveDirectoryW InternetConnectA RemoveDirectoryW,0.1395424912961189
10,CryptHashData OleInitialize RemoveDirectoryW InternetConnectA RemoveDirectoryW InternetConnectA RemoveDirectoryW InternetConnectA RemoveDirectoryW InternetConnectA,0.1394957590485314
10,OleInitialize CryptHashData OleInitialize RemoveDirectoryW InternetConnectA RemoveDirectoryW InternetConnectA RemoveDirectoryW InternetConnectA RemoveDirectoryW,0.1390985349440381
4,RemoveDirectoryW InternetConnectA SetStdHandle CryptUnprotectMemory,0.1390751688202444
3,RemoveDirectoryW InternetConnectA RegEnumValueA,0.1387013108395448
4,InternetConnectA FindResourceW GetFileType FindResourceW,0.138257354487464
3,OpenSCManagerA SetStdHandle LookupAccountSidW,0.1380003271257331
5,InternetConnectA FindResourceW GetFileType FindResourceW GetFileType,0.1379068626305582
3,RemoveDirectoryW InternetConnectA NtSetValueKey,0.1378834965067644
3,RemoveDirectoryW InternetConnectA OleInitialize,0.1376498352688272
3,GetComputerNameW FindFirstFileExW NtLoadKey,0.137579736897446
3,FindFirstFileExW NtLoadKey InternetConnectA,0.1374395401546837
4,GetComputerNameW FindFirstFileExW NtLoadKey InternetConnectA,0.1372993434119214
3,SetUnhandledExceptionFilter NtLoadKey InternetConnectA,0.1372526111643339
4,CryptUnprotectMemory OpenSCManagerA SetStdHandle LookupAccountSidW,0.1371124144215716
7,CopyFileExW GetAdaptersAddresses SetStdHandle LookupAccountSidW GetAdaptersAddresses SetStdHandle LookupAccountSidW,0.1369488515550155
4,InternetConnectA SetStdHandle CryptUnprotectMemory OpenSCManagerA,0.1366684580694908
4,FindFirstFileExW NtLoadKey InternetConnectA RemoveDirectoryW,0.1363880645839661
5,GetComputerNameW FindFirstFileExW NtLoadKey InternetConnectA RemoveDirectoryW,0.136317966212585
5,RemoveDirectoryW InternetConnectA SetStdHandle CryptUnprotectMemory OpenSCManagerA,0.1362011355936163
5,SetStdHandle CryptUnprotectMemory OpenSCManagerA SetStdHandle LookupAccountSidW,0.1359207421080916
6,GetComputerNameW FindFirstFileExW NtLoadKey InternetConnectA RemoveDirectoryW InternetConnectA,0.1359207421080916
3,GetFileVersionInfoExW HttpSendRequestA InternetGetConnectedStateExW,0.1358973759842979
4,SetUnhandledExceptionFilter NtLoadKey InternetConnectA SetStdHandle,0.1355936163749795
4,GetFileVersionInfoExW HttpSendRequestA InternetGetConnectedStateExW GetAdaptersAddresses,0.1355235180035983
4,OpenSCManagerA SetStdHandle LookupAccountSidW SetStdHandle,0.1354767857560109
4,Process32NextW RemoveDirectoryW InternetConnectA GetComputerNameW,0.1350795616515176
6,OpenSCManagerA SetStdHandle CryptUnprotectMemory OpenSCManagerA SetStdHandle LookupAccountSidW,0.134962731032549
5,CryptUnprotectMemory OpenSCManagerA SetStdHandle LookupAccountSidW SetStdHandle,0.1347758020421992
3,SetUnhandledExceptionFilter OleInitialize RemoveDirectoryW,0.134705703670818
5,Process32NextW RemoveDirectoryW InternetConnectA GetComputerNameW recv,0.1345888730518494
7,RemoveDirectoryW InternetConnectA CopyFileW InternetConnectA CopyFileW RemoveDirectoryW InternetConnectA,0.1344720424328808
6,Process32NextW RemoveDirectoryW InternetConnectA GetComputerNameW recv LdrGetProcedureAddress,0.1344253101852933
7,InternetConnectA RemoveDirectoryW InternetConnectA CopyFileW InternetConnectA CopyFileW RemoveDirectoryW,0.1343785779377059
9,RemoveDirectoryW InternetConnectA RemoveDirectoryW InternetConnectA RemoveDirectoryW InternetConnectA RemoveDirectoryW InternetConnectA CopyFileW,0.1340047199570063
10,RemoveDirectoryW InternetConnectA RemoveDirectoryW InternetConnectA RemoveDirectoryW InternetConnectA RemoveDirectoryW InternetConnectA CopyFileW InternetConnectA,0.133864523214244
4,SetUnhandledExceptionFilter OleInitialize RemoveDirectoryW InternetConnectA,0.1338411570904502
10,InternetConnectA RemoveDirectoryW InternetConnectA RemoveDirectoryW InternetConnectA RemoveDirectoryW InternetConnectA CopyFileW InternetConnectA CopyFileW,0.1338411570904502
7,OpenSCManagerA SetStdHandle CryptUnprotectMemory OpenSCManagerA SetStdHandle LookupAccountSidW SetStdHandle,0.1327663153959389
9,RemoveDirectoryW InternetConnectA CopyFileW InternetConnectA CopyFileW RemoveDirectoryW InternetConnectA RemoveDirectoryW InternetConnectA,0.1322288945486833
7,Process32NextW RemoveDirectoryW InternetConnectA GetComputerNameW recv LdrGetProcedureAddress NtLoadDriver,0.1322055284248895
10,InternetConnectA RemoveDirectoryW InternetConnectA RemoveDirectoryW InternetConnectA RemoveDirectoryW InternetConnectA RemoveDirectoryW InternetConnectA CopyFileW,0.1319251349393649
7,CryptUnprotectMemory OpenSCManagerA SetStdHandle CryptUnprotectMemory OpenSCManagerA SetStdHandle LookupAccountSidW,0.1315279108348716
7,SetStdHandle LookupAccountSidW GetAdaptersAddresses SetStdHandle LookupAccountSidW GetAdaptersAddresses CryptDecrypt,0.1315045447110779
9,InternetConnectA CopyFileW InternetConnectA CopyFileW RemoveDirectoryW InternetConnectA RemoveDirectoryW InternetConnectA RemoveDirectoryW,0.1312942495969343
5,InternetConnectA SetStdHandle CryptUnprotectMemory OpenSCManagerA SetStdHandle,0.1311306867303783
8,SetStdHandle CryptUnprotectMemory OpenSCManagerA SetStdHandle CryptUnprotectMemory OpenSCManagerA SetStdHandle LookupAccountSidW,0.1309437577400285
4,InternetConnectA RemoveDirectoryW InternetConnectA GetComputerNameW,0.1307568287496787
6,RemoveDirectoryW InternetConnectA SetStdHandle CryptUnprotectMemory OpenSCManagerA SetStdHandle,0.1307100965020912
5,OpenSCManagerA SetStdHandle LookupAccountSidW SetStdHandle LookupAccountSidW,0.1301493095310419
8,CryptUnprotectMemory OpenSCManagerA SetStdHandle CryptUnprotectMemory OpenSCManagerA SetStdHandle LookupAccountSidW SetStdHandle,0.1296352548075799
6,CryptUnprotectMemory OpenSCManagerA SetStdHandle LookupAccountSidW SetStdHandle LookupAccountSidW,0.1294950580648176
4,OleInitialize RemoveDirectoryW InternetConnectA SetStdHandle,0.1293548613220553
3,InternetConnectA GetFileVersionInfoExW HttpSendRequestA,0.1291679323317054
6,OpenSCManagerA SetStdHandle LookupAccountSidW SetStdHandle LookupAccountSidW SetStdHandle,0.129121200084118
4,RemoveDirectoryW InternetConnectA GetFileVersionInfoExW HttpSendRequestA,0.1290277355889431
5,RemoveDirectoryW InternetConnectA RemoveDirectoryW InternetConnectA GetComputerNameW,0.1289810033413557
4,InternetConnectA GetFileVersionInfoExW HttpSendRequestA InternetGetConnectedStateExW,0.1285604131130686
7,CryptUnprotectMemory OpenSCManagerA SetStdHandle LookupAccountSidW SetStdHandle LookupAccountSidW SetStdHandle,0.1285370469892749
7,SetStdHandle CryptUnprotectMemory OpenSCManagerA SetStdHandle LookupAccountSidW SetStdHandle LookupAccountSidW,0.1284669486178938
8,GetAdaptersAddresses SetStdHandle LookupAccountSidW GetAdaptersAddresses SetStdHandle LookupAccountSidW GetAdaptersAddresses CryptDecrypt,0.1284435824941
6,InternetConnectA SetStdHandle CryptUnprotectMemory OpenSCManagerA SetStdHandle CryptUnprotectMemory,0.1284202163703063
5,RemoveDirectoryW InternetConnectA GetFileVersionInfoExW HttpSendRequestA InternetGetConnectedStateExW,0.1284202163703063
9,RemoveDirectoryW InternetConnectA RemoveDirectoryW InternetConnectA RemoveDirectoryW InternetConnectA CopyFileW InternetConnectA CopyFileW,0.1283267518751314
3,NtSetValueKey RemoveDirectoryW InternetConnectA,0.1283267518751314
9,InternetConnectA RemoveDirectoryW InternetConnectA RemoveDirectoryW InternetConnectA CopyFileW InternetConnectA CopyFileW RemoveDirectoryW,0.1283033857513377
5,InternetConnectA GetFileVersionInfoExW HttpSendRequestA InternetGetConnectedStateExW GetAdaptersAddresses,0.1282332873799565
3,NtSetValueKey OleInitialize NtQueryKey,0.1282099212561628
6,RemoveDirectoryW InternetConnectA GetFileVersionInfoExW HttpSendRequestA InternetGetConnectedStateExW GetAdaptersAddresses,0.1280930906371942
7,RemoveDirectoryW InternetConnectA SetStdHandle CryptUnprotectMemory OpenSCManagerA SetStdHandle CryptUnprotectMemory,0.1279996261420193
4,NtSetValueKey OleInitialize NtQueryKey OleInitialize,0.1278594293992569
9,LookupAccountSidW GetAdaptersAddresses SetStdHandle LookupAccountSidW GetAdaptersAddresses SetStdHandle LookupAccountSidW GetAdaptersAddresses CryptDecrypt,0.1275790359137322
8,OpenSCManagerA SetStdHandle CryptUnprotectMemory OpenSCManagerA SetStdHandle LookupAccountSidW SetStdHandle LookupAccountSidW,0.1275790359137322
7,OpenSCManagerA SetStdHandle LookupAccountSidW SetStdHandle LookupAccountSidW SetStdHandle LookupAccountSidW,0.1268780521999205
9,OpenSCManagerA SetStdHandle CryptUnprotectMemory OpenSCManagerA SetStdHandle LookupAccountSidW SetStdHandle LookupAccountSidW SetStdHandle,0.1266911232095707
7,InternetConnectA SetStdHandle CryptUnprotectMemory OpenSCManagerA SetStdHandle CryptUnprotectMemory OpenSCManagerA,0.1266911232095707
3,InternetConnectA LookupAccountSidW GetAdaptersAddresses,0.1266911232095707
5,NtSetValueKey OleInitialize NtQueryKey OleInitialize RemoveDirectoryW,0.1265041942192209
8,RemoveDirectoryW InternetConnectA SetStdHandle CryptUnprotectMemory OpenSCManagerA SetStdHandle CryptUnprotectMemory OpenSCManagerA,0.1263172652288711
8,CryptUnprotectMemory OpenSCManagerA SetStdHandle LookupAccountSidW SetStdHandle LookupAccountSidW SetStdHandle LookupAccountSidW,0.1262938991050774
5,OleInitialize RemoveDirectoryW InternetConnectA SetStdHandle CryptUnprotectMemory,0.1262004346099025
3,NtQueryKey OleInitialize NtLoadKey,0.1260836039909339
8,InternetConnectA SetStdHandle CryptUnprotectMemory OpenSCManagerA SetStdHandle CryptUnprotectMemory OpenSCManagerA SetStdHandle,0.1254527186485034
9,SetStdHandle CryptUnprotectMemory OpenSCManagerA SetStdHandle LookupAccountSidW SetStdHandle LookupAccountSidW SetStdHandle LookupAccountSidW,0.1254293525247097
4,NtQueryKey OleInitialize NtLoadKey InternetConnectA,0.1254059864009159
9,RemoveDirectoryW InternetConnectA SetStdHandle CryptUnprotectMemory OpenSCManagerA SetStdHandle CryptUnprotectMemory OpenSCManagerA SetStdHandle,0.1251022267915975
9,CryptUnprotectMemory OpenSCManagerA SetStdHandle CryptUnprotectMemory OpenSCManagerA SetStdHandle LookupAccountSidW SetStdHandle LookupAccountSidW,0.1248451994298665
10,OpenSCManagerA SetStdHandle CryptUnprotectMemory OpenSCManagerA SetStdHandle LookupAccountSidW SetStdHandle LookupAccountSidW SetStdHandle LookupAccountSidW,0.1246115381919293
10,SetStdHandle CryptUnprotectMemory OpenSCManagerA SetStdHandle CryptUnprotectMemory OpenSCManagerA SetStdHandle LookupAccountSidW SetStdHandle LookupAccountSidW,0.1243311447064046
6,OleInitialize RemoveDirectoryW InternetConnectA SetStdHandle CryptUnprotectMemory OpenSCManagerA,0.124214314087436
10,CryptUnprotectMemory OpenSCManagerA SetStdHandle CryptUnprotectMemory OpenSCManagerA SetStdHandle LookupAccountSidW SetStdHandle LookupAccountSidW SetStdHandle,0.1241909479636423
6,RemoveDirectoryW InternetConnectA RemoveDirectoryW InternetConnectA GetFileVersionInfoExW HttpSendRequestA,0.1238638222305301
4,OleInitialize NtLoadKey InternetConnectA NtLoadKey,0.123793723859149
8,CopyFileExW GetAdaptersAddresses SetStdHandle LookupAccountSidW GetAdaptersAddresses SetStdHandle LookupAccountSidW GetAdaptersAddresses,0.1237236254877678
2,CryptHashData Process32NextW,0.123536696497418
7,RemoveDirectoryW InternetConnectA RemoveDirectoryW InternetConnectA GetFileVersionInfoExW HttpSendRequestA InternetGetConnectedStateExW,0.1233964997546557
4,OleInitialize CryptHashData Process32NextW CryptHashData,0.1233264013832745
8,RemoveDirectoryW InternetConnectA RemoveDirectoryW InternetConnectA GetFileVersionInfoExW HttpSendRequestA InternetGetConnectedStateExW GetAdaptersAddresses,0.1232329368880996
3,InternetConnectA OleInitialize NtQueryKey,0.123116106269131
4,CryptHashData Process32NextW CryptHashData OleInitialize,0.1228824450311937
5,SetUnhandledExceptionFilter OleInitialize RemoveDirectoryW InternetConnectA SetStdHandle,0.1228357127836063
3,InternetConnectA NtSetValueKey RemoveDirectoryW,0.1227656144122251
9,InternetConnectA SetStdHandle CryptUnprotectMemory OpenSCManagerA SetStdHandle CryptUnprotectMemory OpenSCManagerA SetStdHandle LookupAccountSidW,0.1226955160408439
10,RemoveDirectoryW InternetConnectA SetStdHandle CryptUnprotectMemory OpenSCManagerA SetStdHandle CryptUnprotectMemory OpenSCManagerA SetStdHandle LookupAccountSidW,0.1223450241839381
6,NtSetValueKey OleInitialize NtQueryKey OleInitialize RemoveDirectoryW InternetConnectA,0.122181461317382
5,CryptHashData Process32NextW CryptHashData OleInitialize RemoveDirectoryW,0.1219244339556511
6,CryptHashData Process32NextW CryptHashData OleInitialize RemoveDirectoryW InternetConnectA,0.1218309694604762
4,OleInitialize NtQueryKey OleInitialize NtLoadKey,0.1218076033366824
6,OleInitialize CryptHashData Process32NextW CryptHashData OleInitialize RemoveDirectoryW,0.1217842372128887
7,OleInitialize CryptHashData Process32NextW CryptHashData OleInitialize RemoveDirectoryW InternetConnectA,0.1216907727177138
9,CopyFileExW GetAdaptersAddresses SetStdHandle LookupAccountSidW GetAdaptersAddresses SetStdHandle LookupAccountSidW GetAdaptersAddresses SetStdHandle,0.1214804776035703
5,OleInitialize NtQueryKey OleInitialize NtLoadKey InternetConnectA,0.1213870131083954
10,InternetConnectA SetStdHandle CryptUnprotectMemory OpenSCManagerA SetStdHandle CryptUnprotectMemory OpenSCManagerA SetStdHandle LookupAccountSidW SetStdHandle,0.1213636469846017
6,SetUnhandledExceptionFilter OleInitialize RemoveDirectoryW InternetConnectA SetStdHandle CryptUnprotectMemory,0.1210365212514895
7,OleInitialize RemoveDirectoryW InternetConnectA SetStdHandle CryptUnprotectMemory OpenSCManagerA SetStdHandle,0.1205691987756151
3,GetKeyState CopyFileExW GetAdaptersAddresses,0.120405635909059
3,NtLoadKey InternetConnectA CryptHashData,0.1201018762997406
8,OpenSCManagerA SetStdHandle LookupAccountSidW SetStdHandle LookupAccountSidW SetStdHandle LookupAccountSidW SetStdHandle,0.1199616795569783
3,__exception__ GetKeyState CopyFileExW,0.1197046521952473
7,SetUnhandledExceptionFilter OleInitialize RemoveDirectoryW InternetConnectA SetStdHandle CryptUnprotectMemory OpenSCManagerA,0.1194943570811038
9,CryptUnprotectMemory OpenSCManagerA SetStdHandle LookupAccountSidW SetStdHandle LookupAccountSidW SetStdHandle LookupAccountSidW SetStdHandle,0.1194008925859289
5,NtQueryKey OleInitialize NtLoadKey InternetConnectA NtLoadKey,0.1192840619669603
6,OleInitialize NtQueryKey OleInitialize NtLoadKey InternetConnectA NtLoadKey,0.1192139635955791
4,InternetConnectA RemoveDirectoryW InternetConnectA NtSetValueKey,0.1191438652241979
5,RemoveDirectoryW InternetConnectA RemoveDirectoryW InternetConnectA NtSetValueKey,0.1189569362338481
9,OpenSCManagerA SetStdHandle LookupAccountSidW SetStdHandle LookupAccountSidW SetStdHandle LookupAccountSidW SetStdHandle LookupAccountSidW,0.1186531766245297
3,FindResourceW GetFileType OleInitialize,0.1186531766245297
8,OleInitialize RemoveDirectoryW InternetConnectA SetStdHandle CryptUnprotectMemory OpenSCManagerA SetStdHandle CryptUnprotectMemory,0.1186064443769423
4,GetFileSizeEx __exception__ GetKeyState CopyFileExW,0.1184896137579736
10,GetAdaptersAddresses NtTerminateThread GetAdaptersAddresses SetStdHandle LookupAccountSidW GetAdaptersAddresses GetFileSizeEx __exception__ GetKeyState CopyFileExW,0.1183026847676239
10,CryptUnprotectMemory OpenSCManagerA SetStdHandle LookupAccountSidW SetStdHandle LookupAccountSidW SetStdHandle LookupAccountSidW SetStdHandle LookupAccountSidW,0.1180923896534803
4,InternetConnectA NtSetValueKey OleInitialize NtQueryKey,0.117952192910718
5,SetUnhandledExceptionFilter NtLoadKey InternetConnectA SetStdHandle CertCreateCertificateContext,0.1178820945393368
6,SetUnhandledExceptionFilter NtLoadKey InternetConnectA SetStdHandle CertCreateCertificateContext LoadStringW,0.1177886300441619
7,SetUnhandledExceptionFilter NtLoadKey InternetConnectA SetStdHandle CertCreateCertificateContext LoadStringW GetFileType,0.1177652639203682
5,InternetConnectA NtSetValueKey OleInitialize NtQueryKey OleInitialize,0.117695165548987
9,OleInitialize RemoveDirectoryW InternetConnectA SetStdHandle CryptUnprotectMemory OpenSCManagerA SetStdHandle CryptUnprotectMemory OpenSCManagerA,0.1173680398158749
6,InternetConnectA NtSetValueKey OleInitialize NtQueryKey OleInitialize RemoveDirectoryW,0.1171577447017314
3,GetFileAttributesW NtLoadKey InternetConnectA,0.117017547958969
10,CopyFileW InternetConnectA CopyFileW RemoveDirectoryW InternetConnectA RemoveDirectoryW InternetConnectA RemoveDirectoryW InternetConnectA NtLoadKey,0.116853985092413
4,RemoveDirectoryW InternetConnectA NtSetValueKey OleInitialize,0.1166904222258569
10,OleInitialize RemoveDirectoryW InternetConnectA SetStdHandle CryptUnprotectMemory OpenSCManagerA SetStdHandle CryptUnprotectMemory OpenSCManagerA SetStdHandle,0.1163399303689511
8,SetUnhandledExceptionFilter OleInitialize RemoveDirectoryW InternetConnectA SetStdHandle CryptUnprotectMemory OpenSCManagerA SetStdHandle,0.1162931981213636
10,CopyFileExW GetAdaptersAddresses SetStdHandle LookupAccountSidW GetAdaptersAddresses SetStdHandle LookupAccountSidW GetAdaptersAddresses SetStdHandle LookupAccountSidW,0.1162464658737762
4,InternetConnectA NtLoadKey InternetConnectA CryptHashData,0.1162230997499824
5,NtLoadKey InternetConnectA NtLoadKey InternetConnectA CryptHashData,0.1161997336261887
10,OpenSCManagerA SetStdHandle LookupAccountSidW SetStdHandle LookupAccountSidW SetStdHandle LookupAccountSidW SetStdHandle LookupAccountSidW SetStdHandle,0.1156856789027268
3,NtLoadKey RemoveDirectoryW WSAConnect,0.115498749912377
6,InternetConnectA RemoveDirectoryW InternetConnectA RemoveDirectoryW InternetConnectA GetFileVersionInfoExW,0.11507815968409
7,RemoveDirectoryW InternetConnectA RemoveDirectoryW InternetConnectA RemoveDirectoryW InternetConnectA GetFileVersionInfoExW,0.1150547935602962
3,RegEnumValueA OleInitialize RemoveDirectoryW,0.1150314274365025
3,GetAdaptersAddresses RemoveDirectoryW InternetConnectA,0.1144706404654531
9,SetUnhandledExceptionFilter OleInitialize RemoveDirectoryW InternetConnectA SetStdHandle CryptUnprotectMemory OpenSCManagerA SetStdHandle CryptUnprotectMemory,0.1144706404654531
3,getsockname RemoveDirectoryW InternetConnectA,0.1141902469799285
6,InternetConnectA GetComputerNameW FindFirstFileExW NtLoadKey InternetConnectA RemoveDirectoryW,0.1139332196181975
6,RemoveDirectoryW InternetConnectA GetComputerNameW FindFirstFileExW NtLoadKey InternetConnectA,0.11388648737061
8,RemoveDirectoryW InternetConnectA RemoveDirectoryW InternetConnectA GetComputerNameW FindFirstFileExW NtLoadKey InternetConnectA,0.1137696567516414
4,GetKeyState CopyFileExW GetAdaptersAddresses SetStdHandle,0.113722924504054
10,SetUnhandledExceptionFilter OleInitialize RemoveDirectoryW InternetConnectA SetStdHandle CryptUnprotectMemory OpenSCManagerA SetStdHandle CryptUnprotectMemory OpenSCManagerA,0.1133257003995607
5,RemoveDirectoryW InternetConnectA NtSetValueKey OleInitialize NtQueryKey,0.1126948150571301
3,HttpOpenRequestW FindResourceW GetFileType,0.1126480828095427
6,RemoveDirectoryW InternetConnectA NtSetValueKey OleInitialize NtQueryKey OleInitialize,0.1124377876953992
4,HttpOpenRequestW FindResourceW GetFileType FindResourceW,0.1115966072388251
5,HttpOpenRequestW FindResourceW GetFileType FindResourceW GetFileType,0.1115732411150314
4,GetFileAttributesW NtLoadKey InternetConnectA NtLoadKey,0.1114797766198565
5,NtQueryKey OleInitialize RemoveDirectoryW InternetConnectA RemoveDirectoryW,0.1113395798770941
6,OleInitialize NtQueryKey OleInitialize RemoveDirectoryW InternetConnectA RemoveDirectoryW,0.111269481505713
2,GetFileAttributesW OleInitialize,0.1108956235250134
6,NtQueryKey OleInitialize RemoveDirectoryW InternetConnectA RemoveDirectoryW InternetConnectA,0.1108722574012197
5,InternetConnectA RemoveDirectoryW InternetConnectA NtSetValueKey RemoveDirectoryW,0.1108021590298385
7,OleInitialize NtQueryKey OleInitialize RemoveDirectoryW InternetConnectA RemoveDirectoryW InternetConnectA,0.1108021590298385
5,GetFileAttributesW NtLoadKey InternetConnectA NtLoadKey InternetConnectA,0.1107787929060448
7,WSAAccept NtCreateSection Process32NextW WSAAccept NtCreateSection Process32NextW recvfrom,0.1104983994205201
4,InternetConnectA OleInitialize NtQueryKey OleInitialize,0.1102647381825829
10,SetStdHandle LookupAccountSidW GetAdaptersAddresses SetStdHandle LookupAccountSidW GetAdaptersAddresses SetStdHandle LookupAccountSidW GetAdaptersAddresses CryptDecrypt,0.1101479075636142
4,WSAAccept NtCreateSection Process32NextW RemoveDirectoryW,0.1097974157067084
5,Process32NextW WSAAccept NtCreateSection Process32NextW RemoveDirectoryW,0.1095871205925649
6,NtCreateSection Process32NextW WSAAccept NtCreateSection Process32NextW RemoveDirectoryW,0.1094235577260088
7,WSAAccept NtCreateSection Process32NextW WSAAccept NtCreateSection Process32NextW RemoveDirectoryW,0.1093768254784213
5,HttpSendRequestA WSAAccept NtCreateSection Process32NextW WSAAccept,0.109236628735659
7,HttpSendRequestA WSAAccept NtCreateSection Process32NextW WSAAccept NtCreateSection Process32NextW,0.1091898964880715
4,NtSetValueKey RemoveDirectoryW InternetConnectA RemoveDirectoryW,0.1091431642404841
5,NtSetValueKey RemoveDirectoryW InternetConnectA RemoveDirectoryW InternetConnectA,0.1090496997453092
3,CryptProtectData NtCreateSection Process32NextW,0.108979601373928
5,WSAAccept NtCreateSection Process32NextW RemoveDirectoryW InternetConnectA,0.1089562352501343
5,GetFileAttributesW OleInitialize GetFileAttributesW NtLoadKey InternetConnectA,0.1089095030025469
6,Process32NextW WSAAccept NtCreateSection Process32NextW RemoveDirectoryW InternetConnectA,0.1087459401359908
7,NtCreateSection Process32NextW WSAAccept NtCreateSection Process32NextW RemoveDirectoryW InternetConnectA,0.1086291095170222
4,RegEnumValueA OleInitialize RemoveDirectoryW InternetConnectA,0.1085823772694347
8,WSAAccept NtCreateSection Process32NextW WSAAccept NtCreateSection Process32NextW RemoveDirectoryW InternetConnectA,0.1085823772694347
5,InternetConnectA NtSetValueKey RemoveDirectoryW InternetConnectA RemoveDirectoryW,0.1085356450218473
7,NtSetValueKey OleInitialize NtQueryKey OleInitialize RemoveDirectoryW InternetConnectA RemoveDirectoryW,0.1085122788980536
3,NtLoadKey WSAAccept NtCreateSection,0.1085122788980536
4,NtLoadKey WSAAccept NtCreateSection Process32NextW,0.1084889127742598
5,RemoveDirectoryW InternetConnectA NtSetValueKey RemoveDirectoryW InternetConnectA,0.1083954482790849
8,NtSetValueKey OleInitialize NtQueryKey OleInitialize RemoveDirectoryW InternetConnectA RemoveDirectoryW InternetConnectA,0.1080916886697665
3,GetFileType Process32NextW OleInitialize,0.1080683225459728
3,RemoveDirectoryW WSAConnect NtLoadKey,0.1080449564221791
4,recvfrom GetFileAttributesW OleInitialize GetFileAttributesW,0.1078580274318293
4,FindResourceW GetFileType Process32NextW OleInitialize,0.1077411968128607
6,recvfrom GetFileAttributesW OleInitialize GetFileAttributesW NtLoadKey InternetConnectA,0.1077178306890669
3,SetWindowsHookExA RegEnumValueA WSAConnect,0.1076710984414795
3,WSAConnect NtLoadKey RemoveDirectoryW,0.1076710984414795
10,WSAConnect NtLoadKey RemoveDirectoryW WSAConnect NtLoadKey WSAAccept NtCreateSection Process32NextW NtLoadKey InternetConnectA,0.1076477323176858
3,Process32NextW recvfrom GetFileAttributesW,0.1076477323176858
10,RegEnumValueA WSAConnect NtLoadKey RemoveDirectoryW WSAConnect NtLoadKey WSAAccept NtCreateSection Process32NextW NtLoadKey,0.1076477323176858
10,SetWindowsHookExA RegEnumValueA WSAConnect NtLoadKey RemoveDirectoryW WSAConnect NtLoadKey WSAAccept NtCreateSection Process32NextW,0.1076477323176858
5,FindResourceW GetFileType FindResourceW GetFileType InternetConnectA,0.1076010000700983
3,InternetConnectA GetFileVersionInfoExW NtLoadKey,0.1076010000700983
7,FindResourceW GetFileType FindResourceW GetFileType Process32NextW OleInitialize CryptHashData,0.1075542678225109
8,FindResourceW GetFileType FindResourceW GetFileType Process32NextW OleInitialize CryptHashData OleInitialize,0.1075309016987172
10,FindResourceW GetFileType FindResourceW GetFileType Process32NextW OleInitialize CryptHashData OleInitialize RemoveDirectoryW InternetConnectA,0.1074140710797485
5,Process32NextW recvfrom GetFileAttributesW OleInitialize GetFileAttributesW,0.1073907049559548
4,RemoveDirectoryW InternetConnectA GetFileVersionInfoExW NtLoadKey,0.1073206065845736
5,RemoveDirectoryW InternetConnectA GetFileVersionInfoExW NtLoadKey InternetConnectA,0.1072972404607799
6,RemoveDirectoryW InternetConnectA RemoveDirectoryW InternetConnectA GetFileVersionInfoExW NtLoadKey,0.1072505082131925
7,Process32NextW recvfrom GetFileAttributesW OleInitialize GetFileAttributesW NtLoadKey InternetConnectA,0.1072505082131925
7,RemoveDirectoryW InternetConnectA RemoveDirectoryW InternetConnectA GetFileVersionInfoExW NtLoadKey InternetConnectA,0.1072271420893987
8,HttpSendRequestA WSAAccept NtCreateSection Process32NextW WSAAccept NtCreateSection Process32NextW recvfrom,0.1071804098418113
9,HttpSendRequestA WSAAccept NtCreateSection Process32NextW WSAAccept NtCreateSection Process32NextW recvfrom GetFileAttributesW,0.1067364534897305
4,OleInitialize RemoveDirectoryW InternetConnectA NtLoadKey,0.1067130873659368
6,WSAAccept NtCreateSection Process32NextW RemoveDirectoryW InternetConnectA GetComputerNameW,0.1066897212421431
8,NtCreateSection Process32NextW WSAAccept NtCreateSection Process32NextW RemoveDirectoryW InternetConnectA GetComputerNameW,0.1066429889945557
9,WSAAccept NtCreateSection Process32NextW WSAAccept NtCreateSection Process32NextW RemoveDirectoryW InternetConnectA GetComputerNameW,0.1065962567469682
10,HttpSendRequestA WSAAccept NtCreateSection Process32NextW WSAAccept NtCreateSection Process32NextW recvfrom GetFileAttributesW OleInitialize,0.106526158375587
10,WSAAccept NtCreateSection Process32NextW WSAAccept NtCreateSection Process32NextW recvfrom GetFileAttributesW OleInitialize GetFileAttributesW,0.106526158375587
7,WSAAccept NtCreateSection Process32NextW RemoveDirectoryW InternetConnectA GetComputerNameW recv,0.1065027922517933
9,NtCreateSection Process32NextW WSAAccept NtCreateSection Process32NextW RemoveDirectoryW InternetConnectA GetComputerNameW recv,0.1064560600042059
7,InternetConnectA CryptHashData FindResourceW GetFileType FindResourceW GetFileType FindResourceW,0.1064560600042059
9,InternetConnectA CryptHashData FindResourceW GetFileType FindResourceW GetFileType FindResourceW GetFileType FindResourceW,0.1064326938804121
10,Process32NextW WSAAccept NtCreateSection Process32NextW recvfrom GetFileAttributesW OleInitialize GetFileAttributesW NtLoadKey InternetConnectA,0.1064093277566184
10,WSAAccept NtCreateSection Process32NextW WSAAccept NtCreateSection Process32NextW RemoveDirectoryW InternetConnectA GetComputerNameW recv,0.1064093277566184
10,NtCreateSection Process32NextW WSAAccept NtCreateSection Process32NextW recvfrom GetFileAttributesW OleInitialize GetFileAttributesW NtLoadKey,0.1064093277566184
5,GetKeyState CopyFileExW GetAdaptersAddresses SetStdHandle LookupAccountSidW,0.1063859616328247
8,WSAAccept NtCreateSection Process32NextW RemoveDirectoryW InternetConnectA GetComputerNameW recv LdrGetProcedureAddress,0.106362595509031
8,RemoveDirectoryW InternetConnectA NtSetValueKey RemoveDirectoryW InternetConnectA RemoveDirectoryW InternetConnectA GetFileVersionInfoExW,0.1063158632614435
9,WSAAccept NtCreateSection Process32NextW RemoveDirectoryW InternetConnectA GetComputerNameW recv LdrGetProcedureAddress NtLoadDriver,0.1063158632614435
10,NtCreateSection Process32NextW WSAAccept NtCreateSection Process32NextW RemoveDirectoryW InternetConnectA GetComputerNameW recv LdrGetProcedureAddress,0.1063158632614435
10,RemoveDirectoryW InternetConnectA NtSetValueKey RemoveDirectoryW InternetConnectA RemoveDirectoryW InternetConnectA GetFileVersionInfoExW NtLoadKey InternetConnectA,0.1062924971376498
10,RemoveDirectoryW InternetConnectA RemoveDirectoryW InternetConnectA NtSetValueKey RemoveDirectoryW InternetConnectA RemoveDirectoryW InternetConnectA GetFileVersionInfoExW,0.1062924971376498
10,InternetConnectA RemoveDirectoryW InternetConnectA NtSetValueKey RemoveDirectoryW InternetConnectA RemoveDirectoryW InternetConnectA GetFileVersionInfoExW NtLoadKey,0.1062924971376498
10,Process32NextW WSAAccept NtCreateSection Process32NextW RemoveDirectoryW InternetConnectA GetComputerNameW recv LdrGetProcedureAddress NtLoadDriver,0.1062691310138561
10,InternetConnectA CryptHashData FindResourceW GetFileType FindResourceW GetFileType FindResourceW GetFileType FindResourceW GetFileType,0.1061756665186812
10,WSAAccept NtCreateSection Process32NextW RemoveDirectoryW InternetConnectA GetComputerNameW recv LdrGetProcedureAddress NtLoadDriver Process32NextW,0.1061523003948874
5,CryptHashData OleInitialize RemoveDirectoryW InternetConnectA NtLoadKey,0.1057550762903941
6,CryptHashData OleInitialize RemoveDirectoryW InternetConnectA NtLoadKey FindResourceW,0.1055915134238381
10,GetFileType FindResourceW GetFileType FindResourceW GetFileType FindResourceW GetFileType FindResourceW GetFileType InternetConnectA,0.1055447811762506
3,SetStdHandle RemoveDirectoryW InternetConnectA,0.1051241909479636
10,HttpOpenRequestW FindResourceW GetFileType FindResourceW GetFileType Process32NextW OleInitialize CryptHashData OleInitialize RemoveDirectoryW,0.1050540925765824
5,OleInitialize NtLoadKey InternetConnectA NtLoadKey InternetConnectA,0.105007360328995
8,InternetConnectA NtSetValueKey OleInitialize NtQueryKey OleInitialize RemoveDirectoryW InternetConnectA RemoveDirectoryW,0.1049138958338201
9,FindResourceW GetFileType FindResourceW GetFileType FindResourceW GetFileType FindResourceW GetFileType InternetConnectA,0.1048671635862326
3,NtCreateThreadEx RegDeleteValueW GetFileVersionInfoExW,0.1047736990910577
8,RemoveDirectoryW InternetConnectA NtSetValueKey OleInitialize NtQueryKey OleInitialize RemoveDirectoryW InternetConnectA,0.1034418300348155
6,OleInitialize NtLoadKey InternetConnectA NtLoadKey InternetConnectA NtLoadKey,0.1034418300348155
5,OleInitialize GetFileAttributesW NtLoadKey InternetConnectA NtLoadKey,0.103395097787228
6,GetFileAttributesW OleInitialize GetFileAttributesW NtLoadKey InternetConnectA NtLoadKey,0.1033483655396406
7,OleInitialize NtLoadKey InternetConnectA NtLoadKey InternetConnectA NtLoadKey InternetConnectA,0.1033249994158469
3,CreateActCtxW CryptDecrypt Process32NextW,0.1031614365492908
4,GetFileVersionInfoExW NtLoadKey InternetConnectA CreateActCtxW,0.1031380704254971
7,recvfrom GetFileAttributesW OleInitialize GetFileAttributesW NtLoadKey InternetConnectA NtLoadKey,0.1031147043017033
8,Process32NextW recvfrom GetFileAttributesW OleInitialize GetFileAttributesW NtLoadKey InternetConnectA NtLoadKey,0.1027875785685912
8,OleInitialize NtLoadKey InternetConnectA NtLoadKey InternetConnectA NtLoadKey InternetConnectA NtLoadKey,0.1027642124447975
4,GetFileAttributesW InternetConnectA CryptHashData FindResourceW,0.1027408463210038
6,OleInitialize GetFileAttributesW NtLoadKey InternetConnectA NtLoadKey InternetConnectA,0.1026941140734163
7,GetFileAttributesW OleInitialize GetFileAttributesW NtLoadKey InternetConnectA NtLoadKey InternetConnectA,0.1026473818258289
3,InternetConnectA NtLoadKey GetFileAttributesW,0.102553917330654
5,NtLoadKey GetFileAttributesW InternetConnectA CryptHashData FindResourceW,0.1025305512068602
4,NtLoadKey InternetConnectA NtLoadKey GetFileAttributesW,0.1025071850830665
6,InternetConnectA NtLoadKey GetFileAttributesW InternetConnectA CryptHashData FindResourceW,0.1024604528354791
8,recvfrom GetFileAttributesW OleInitialize GetFileAttributesW NtLoadKey InternetConnectA NtLoadKey InternetConnectA,0.1024137205878916
4,GetFileType FindResourceW GetFileType OleInitialize,0.1024137205878916
7,NtLoadKey InternetConnectA NtLoadKey GetFileAttributesW InternetConnectA CryptHashData FindResourceW,0.1024137205878916
5,FindResourceW GetFileType FindResourceW GetFileType OleInitialize,0.1023669883403042
9,OleInitialize NtLoadKey InternetConnectA NtLoadKey InternetConnectA NtLoadKey InternetConnectA NtLoadKey InternetConnectA,0.1023669883403042
10,GetFileType Process32NextW OleInitialize CryptHashData OleInitialize RemoveDirectoryW InternetConnectA RemoveDirectoryW InternetConnectA RemoveDirectoryW,0.102296889968923
10,FindResourceW GetFileType Process32NextW OleInitialize CryptHashData OleInitialize RemoveDirectoryW InternetConnectA RemoveDirectoryW InternetConnectA,0.102296889968923
6,GetFileAttributesW NtLoadKey InternetConnectA NtLoadKey InternetConnectA NtLoadKey,0.102296889968923
10,GetFileType FindResourceW GetFileType Process32NextW OleInitialize CryptHashData OleInitialize RemoveDirectoryW InternetConnectA RemoveDirectoryW,0.102296889968923
10,OleInitialize NtLoadKey InternetConnectA NtLoadKey InternetConnectA NtLoadKey InternetConnectA NtLoadKey InternetConnectA NtLoadKey,0.1022267915975418
10,WSAAccept NtCreateSection Process32NextW recvfrom GetFileAttributesW OleInitialize GetFileAttributesW NtLoadKey InternetConnectA NtLoadKey,0.1020865948547795
9,Process32NextW recvfrom GetFileAttributesW OleInitialize GetFileAttributesW NtLoadKey InternetConnectA NtLoadKey InternetConnectA,0.1020865948547795
8,GetFileAttributesW OleInitialize GetFileAttributesW NtLoadKey InternetConnectA NtLoadKey InternetConnectA NtLoadKey,0.1020398626071921
9,recvfrom GetFileAttributesW OleInitialize GetFileAttributesW NtLoadKey InternetConnectA NtLoadKey InternetConnectA NtLoadKey,0.1019463981120172
7,CryptHashData OleInitialize RemoveDirectoryW InternetConnectA NtLoadKey FindResourceW GetFileType,0.1018529336168423
8,CryptHashData OleInitialize RemoveDirectoryW InternetConnectA NtLoadKey FindResourceW GetFileType FindResourceW,0.1018062013692548
10,GetFileAttributesW InternetConnectA CryptHashData FindResourceW GetFileType FindResourceW GetFileType FindResourceW GetFileType FindResourceW,0.1017594691216674
6,Process32NextW CryptHashData OleInitialize RemoveDirectoryW InternetConnectA NtLoadKey,0.1017361029978736
8,OleInitialize CryptHashData Process32NextW CryptHashData OleInitialize RemoveDirectoryW InternetConnectA NtLoadKey,0.1016426385026987
10,Process32NextW recvfrom GetFileAttributesW OleInitialize GetFileAttributesW NtLoadKey InternetConnectA NtLoadKey InternetConnectA NtLoadKey,0.101619272378905
6,NtLoadKey InternetConnectA NtLoadKey InternetConnectA NtLoadKey GetFileAttributesW,0.1015959062551113
9,OleInitialize CryptHashData Process32NextW CryptHashData OleInitialize RemoveDirectoryW InternetConnectA NtLoadKey FindResourceW,0.1015725401313176
9,CryptHashData OleInitialize RemoveDirectoryW InternetConnectA NtLoadKey FindResourceW GetFileType FindResourceW GetFileType,0.1015725401313176
10,NtLoadKey GetFileAttributesW InternetConnectA CryptHashData FindResourceW GetFileType FindResourceW GetFileType FindResourceW GetFileType,0.1015491740075238
10,recvfrom GetFileAttributesW OleInitialize GetFileAttributesW NtLoadKey InternetConnectA NtLoadKey InternetConnectA NtLoadKey GetFileAttributesW,0.1015024417599364
9,NtLoadKey InternetConnectA NtLoadKey InternetConnectA NtLoadKey GetFileAttributesW InternetConnectA CryptHashData FindResourceW,0.1015024417599364
10,GetFileAttributesW OleInitialize GetFileAttributesW NtLoadKey InternetConnectA NtLoadKey InternetConnectA NtLoadKey GetFileAttributesW InternetConnectA,0.1014790756361427
10,GetFileAttributesW NtLoadKey InternetConnectA NtLoadKey InternetConnectA NtLoadKey GetFileAttributesW InternetConnectA CryptHashData FindResourceW,0.1014790756361427
10,InternetConnectA NtLoadKey GetFileAttributesW InternetConnectA CryptHashData FindResourceW GetFileType FindResourceW GetFileType FindResourceW,0.1014790756361427
10,OleInitialize GetFileAttributesW NtLoadKey InternetConnectA NtLoadKey InternetConnectA NtLoadKey GetFileAttributesW InternetConnectA CryptHashData,0.1014790756361427
10,NtLoadKey InternetConnectA NtLoadKey GetFileAttributesW InternetConnectA CryptHashData FindResourceW GetFileType FindResourceW GetFileType,0.1014323433885552
10,NtCreateSection Process32NextW recvfrom GetFileAttributesW OleInitialize GetFileAttributesW NtLoadKey InternetConnectA NtLoadKey InternetConnectA,0.1014323433885552
7,FindResourceW GetFileType FindResourceW GetFileType FindResourceW GetFileType InternetConnectA,0.1011285837792368
8,Process32NextW WSAAccept NtCreateSection Process32NextW WSAAccept NtCreateSection Process32NextW RemoveDirectoryW,0.1011285837792368
7,GetFileType FindResourceW GetFileType FindResourceW GetFileType InternetConnectA FindResourceW,0.1011285837792368
9,GetFileType FindResourceW GetFileType FindResourceW GetFileType FindResourceW GetFileType InternetConnectA FindResourceW,0.1011285837792368
4,Process32NextW RemoveDirectoryW InternetConnectA RemoveDirectoryW,0.1010117531602682
10,CryptHashData OleInitialize RemoveDirectoryW InternetConnectA NtLoadKey FindResourceW GetFileType FindResourceW GetFileType RegEnumKeyExA,0.1008481902937121
4,InternetConnectA NtLoadKey InternetConnectA OleInitialize,0.1007547257985372
10,OleInitialize RemoveDirectoryW InternetConnectA NtLoadKey FindResourceW GetFileType FindResourceW GetFileType RegEnumKeyExA CryptHashData,0.1006378951795686
10,InternetConnectA NtLoadKey InternetConnectA NtLoadKey GetFileAttributesW InternetConnectA CryptHashData FindResourceW GetFileType FindResourceW,0.1005210645606
10,NtLoadKey InternetConnectA NtLoadKey InternetConnectA NtLoadKey GetFileAttributesW InternetConnectA CryptHashData FindResourceW GetFileType,0.1005210645606
9,Process32NextW WSAAccept NtCreateSection Process32NextW WSAAccept NtCreateSection Process32NextW RemoveDirectoryW InternetConnectA,0.1004276000654251
3,CryptDecrypt Process32NextW GlobalMemoryStatusEx,0.100264037198869
